{"loss": [5.340610027313232, 0.3757663369178772, 0.1667635589838028, 0.11090580374002457, 0.09430518001317978, 0.07408624142408371, 0.05610742047429085, 0.043238695710897446, 0.15042269229888916, 0.10038477182388306, 0.03327067568898201, 0.016881544142961502, 0.020018110051751137, 0.0069621591828763485, 0.00419990299269557, 0.0030564446933567524, 0.0020719734020531178, 0.0014532511122524738, 0.0012347178999334574, 0.0009148987010121346, 0.0007999857189133763], "val_loss": [0.6856201887130737, 0.22772155702114105, 0.12599283456802368, 0.11776931583881378, 0.1051463931798935, 0.10576344281435013, 0.10787834972143173, 0.16897545754909515, 0.21051210165023804, 0.14294281601905823, 0.09549053758382797, 0.11468397825956345, 0.11232355982065201, 0.1403806060552597, 0.13228440284729004, 0.14910906553268433, 0.17838658392429352, 0.17479245364665985, 0.16857601702213287, 0.1646455079317093, 0.16761527955532074]}