{"loss": [0.988334596157074, 0.17405915260314941, 0.11855605989694595, 0.10556025058031082, 0.06256788969039917, 0.06454974412918091, 0.037325531244277954, 0.024450503289699554, 0.022060662508010864, 0.09987377375364304, 0.024248402565717697, 0.009990885853767395, 0.00922564696520567, 0.004234789405018091, 0.0022599066141992807, 0.0019493282306939363, 0.0010574107291176915, 0.0009194875019602478, 0.0011690100654959679, 0.0008017148938961327, 0.000475592038128525], "val_loss": [0.21580126881599426, 0.138960599899292, 0.2913176119327545, 0.13089510798454285, 0.0892292708158493, 0.0975613072514534, 0.11105349659919739, 0.08898746967315674, 0.13142149150371552, 0.14420974254608154, 0.08435779809951782, 0.10202856361865997, 0.12166819721460342, 0.10140861570835114, 0.11088670045137405, 0.11304385215044022, 0.12106941640377045, 0.1230500340461731, 0.11855927109718323, 0.12225748598575592, 0.12368253618478775]}