{"loss": [1.1885809898376465, 0.4187682569026947, 0.23088136315345764, 0.20116585493087769, 0.12288172543048859, 0.07848689705133438, 0.06993615627288818, 0.03350713104009628, 0.038029782474040985, 0.01315043494105339, 0.008449026383459568, 0.01036654133349657, 0.0043671089224517345, 0.0029927240684628487], "val_loss": [0.9749146103858948, 0.31163737177848816, 0.6045098304748535, 0.27339452505111694, 0.3195580244064331, 0.44645944237709045, 0.37375062704086304, 0.33263954520225525, 0.28328391909599304, 0.29393595457077026, 0.3261944651603699, 0.34061941504478455, 0.33024314045906067, 0.3464857041835785]}