{"epoch": [1, 2, 3, 4, 5, 6, 7, 8, 9, 10, 11, 12, 13], "accuracy": [0.6430397629737854, 0.9202881455421448, 0.9663025736808777, 0.9832674860954285, 0.9737392663955688, 0.9916337728500366, 0.9895421862602234, 0.9686265587806702, 0.9797815680503845, 0.9883801937103271, 0.985591471195221, 0.9979084134101868, 0.9993028044700623], "loss": [1.0468401908874512, 0.21983201801776886, 0.09585073590278625, 0.04835556074976921, 0.06626614183187485, 0.030358292162418365, 0.031303178519010544, 0.09057699888944626, 0.053033918142318726, 0.033304549753665924, 0.046698786318302155, 0.00764094153419137, 0.003959114663302898], "val_loss": [0.2703464925289154, 0.18926844000816345, 0.12067512422800064, 0.15646710991859436, 0.1369725465774536, 0.12335941195487976, 0.2022870033979416, 0.29720425605773926, 0.1488058865070343, 0.23809154331684113, 0.13772422075271606, 0.14581333100795746, 0.134330153465271], "precision": [0.9306960374014498, 0.9540770539431339, 0.9848220620736033, 0.9912765665492691, 0.9930480185448036, 0.9921444397503799, 0.9749274428951116, 0.9775851843507478, 0.9960713369071581, 0.9874432174663808, 0.9993041514791623, 0.9979297542945229, 1.0], "recall": [0.9281896351382756, 0.9516616314199395, 0.9846618638159423, 0.9911689518940274, 0.9930281199163374, 0.9918661399023937, 0.9732744596792935, 0.9762956077155472, 0.9960492679525912, 0.9872182198466186, 0.9993028119916337, 0.9979084359749012, 1.0], "f1_score": [0.9285208083500346, 0.951081851246616, 0.984655705852668, 0.9911683094755083, 0.9930272974164063, 0.9918626884914029, 0.9732147460296188, 0.9764047636963467, 0.9960498668367347, 0.9871971277528468, 0.9993028117229065, 0.9979083429196615, 1.0], "auc": [0.9948673417122375, 0.9991329127277415, 0.9997965001270062, 0.9998802031183335, 0.9999247478238854, 0.9999549020214429, 0.9999392853305163, 0.9998420274992263, 0.9999848346948186, 0.9998805554848382, 0.9999997291419809, 0.9999997291419809, 1.0], "learning_rate": [0.0006246943958103657, 0.0006246943958103657, 0.0006246943958103657, 0.0006246943958103657, 0.0006246943958103657, 0.0006246943958103657, 0.0006246943958103657, 0.0006246943958103657, 0.0006246943958103657, 0.0006246943958103657, 0.0006246943958103657, 0.0006246943958103657, 0.0006246943958103657], "epoch_time": [5.816915512084961, 2.5033109188079834, 2.497941017150879, 2.4716269969940186, 2.5544257164001465, 2.522146701812744, 2.4912664890289307, 2.5186405181884766, 2.4847164154052734, 2.5448811054229736, 2.533437967300415, 2.5121169090270996, 2.492589235305786]}