{"epoch": [1, 2, 3, 4, 5, 6, 7, 8, 9, 10, 11, 12, 13, 14, 15, 16, 17, 18, 19, 20, 21, 22], "accuracy": [0.38250255584716797, 0.6965072751045227, 0.7690742611885071, 0.7958630323410034, 0.8613089323043823, 0.8877585530281067, 0.9379450678825378, 0.9498134851455688, 0.9667683839797974, 0.9752458333969116, 0.9837232828140259, 0.989827036857605, 0.9908443689346313, 0.9922007322311401, 0.9942353367805481, 0.9942353367805481, 0.9969481229782104, 0.9955917000770569, 0.9945744276046753, 0.9972872138023376, 0.997965395450592, 0.9989827275276184], "loss": [1.3777837753295898, 0.9984495639801025, 0.8478466868400574, 0.7430992126464844, 0.506352424621582, 0.37526798248291016, 0.231074720621109, 0.17979010939598083, 0.13083302974700928, 0.10766816139221191, 0.08994024246931076, 0.07136675715446472, 0.061910104006528854, 0.05361061915755272, 0.0449996180832386, 0.04122750088572502, 0.03299954533576965, 0.03148592635989189, 0.03367074206471443, 0.022684244439005852, 0.020923404023051262, 0.01820983923971653], "val_loss": [1.1013906002044678, 1.1683974266052246, 1.1539958715438843, 0.6702918410301208, 0.7917050123214722, 0.41022157669067383, 0.4446846544742584, 0.33356770873069763, 0.3327460289001465, 0.3324269950389862, 0.3644964396953583, 0.32896333932876587, 0.3796769678592682, 0.3487197458744049, 0.3554718494415283, 0.3505232036113739, 0.37675154209136963, 0.40103402733802795, 0.3716641962528229, 0.38041698932647705, 0.37582653760910034, 0.3767662048339844], "precision": [0.6870495201754666, 0.743352582603634, 0.7981904094812586, 0.8633687238159404, 0.8721957377011004, 0.9411858296659243, 0.9388202237900343, 0.9681706893166414, 0.9747987131082886, 0.9845689045989201, 0.9908725456004949, 0.9943026903442144, 0.9918137354696236, 0.9956246744692915, 0.9947044310410172, 0.995973776205654, 0.9966199196816389, 0.9976269289283443, 0.9979654120040692, 0.9983106462242253, 0.9986436080027128, 0.9983214310612414], "recall": [0.6412343167175314, 0.6761614106476772, 0.6876907426246185, 0.8521532722956935, 0.8362156663275687, 0.9396405561207188, 0.9352322821295355, 0.9674465920651069, 0.9742285520515429, 0.984401492031197, 0.9908443540183113, 0.9942353340115293, 0.9915225500169549, 0.9955917260088165, 0.9945744320108512, 0.9959308240081384, 0.996609020006782, 0.9976263140047473, 0.9979654120040692, 0.9983045100033909, 0.9986436080027128, 0.9983045100033909], "f1_score": [0.6326620971932262, 0.6270513148230189, 0.6427898123880883, 0.850603565274109, 0.8306336864779175, 0.9396219270181709, 0.9349579648526559, 0.96736954209497, 0.974208351049697, 0.9843993204947177, 0.9908444520197063, 0.9942353806795574, 0.9915208912097311, 0.995591848705169, 0.9945742054960841, 0.9959309210858956, 0.9966091143916878, 0.9976262856866013, 0.9979654120040692, 0.9983045504546679, 0.9986436080027128, 0.99830456056608], "auc": [0.9308443288476709, 0.9279950044053377, 0.9443032382719875, 0.985985037368592, 0.9791922158762844, 0.996594218521067, 0.997953512586608, 0.9990894881596117, 0.9993229283903403, 0.9995726589558653, 0.9996822809220955, 0.9997640251142617, 0.9997900730283981, 0.9998540872204819, 0.9998941258241744, 0.9999122835822057, 0.9999280825752366, 0.9999319613363744, 0.9999542699728368, 0.9999646652270403, 0.999968959947793, 0.9999789342608296], "learning_rate": [0.00010860028851311654, 0.00010860028851311654, 0.00010860028851311654, 0.00010860028851311654, 0.00010860028851311654, 0.00010860028851311654, 0.00010860028851311654, 0.00010860028851311654, 0.00010860028851311654, 0.00010860028851311654, 0.00010860028851311654, 0.00010860028851311654, 0.00010860028851311654, 0.00010860028851311654, 0.00010860028851311654, 0.00010860028851311654, 0.00010860028851311654, 0.00010860028851311654, 0.00010860028851311654, 0.00010860028851311654, 0.00010860028851311654, 0.00010860028851311654], "epoch_time": [6.791364908218384, 1.0990703105926514, 1.0973224639892578, 1.0731620788574219, 1.063575029373169, 1.0819981098175049, 1.0705022811889648, 1.091562032699585, 1.0819902420043945, 1.0580213069915771, 1.0708694458007812, 1.075855016708374, 1.0918066501617432, 1.0616285800933838, 1.0705962181091309, 1.0947155952453613, 1.0874254703521729, 1.0966665744781494, 1.0841147899627686, 1.1081480979919434, 1.0836670398712158, 1.1070551872253418]}